{
    "runExecutorServer": false,
    "runExecutorClient": false,
    "runExecutorClientMultithread": false,
    "runHashDBServer": false,
    "runAggregatorServer": false,
    "runAggregatorClient": false,
    "runFileGenBatchProof": false,
    "runFileGenAggregatedProof": false,
    "runFileGenFinalProof": false,
    "runFileProcessBatch": false,
    "runFileProcessBatchMultithread": false,
    "runFileExecute": false,
    "runKeccakScriptGenerator": false,
    "runKeccakTest": false,
    "runStorageSMTest": false,
    "runBinarySMTest": false,
    "runMemAlignSMTest": false,
    "runSHA256Test": false,
    "runBlakeTest": false,
    "runECRecoverTest": false,
    "executeInParallel": true,
    "useMainExecGenerated": false,
    "useMainExecC": true,
    "ECRecoverPrecalc": false,
    "ECRecoverPrecalcNThreads": 16,
    "saveRequestToFile": false,
    "saveInputToFile": false,
    "saveDbReadsToFile": false,
    "saveDbReadsToFileOnChange": false,
    "saveOutputToFile": false,
    "saveProofToFile": false,
    "saveResponseToFile": true,
    "loadDBToMemCache": false,
    "loadDBToMemCacheInParallel": false,
    "loadDBToMemTimeout": 10000000,
    "dbMTCacheSize_": 16384,
    "dbProgramCacheSize_": 16384,
    "dbProgramCacheSize": 1024,
    "opcodeTracer": false,
    "logRemoteDbReads": false,
    "logExecutorServerInput": false,
    "logExecutorServerInputGasThreshold": 0,
    "logExecutorServerResponses": false,
    "logExecutorServerTxs": false,
    "dontLoadRomOffsets": false,
    "proverServerPort": 50051,
    "proverServerMockPort": 50052,
    "proverServerMockTimeout": 10000000,
    "proverClientPort": 50051,
    "proverClientHost": "127.0.0.1",
    "executorServerPort": 50079,
    "executorROMLineTraces": false,
    "executorTimeStatistics": true,
    "executorClientPort": 50079,
    "executorClientHost": "127.0.0.1",
    "executorClientLoops": 1,
    "hashDBServerPort": 50069,
    "hashDBURLfd": "127.0.0.1:50069",
    "hashDBURL": "local",
    "dbCacheSynchURL_disabled": "127.0.0.1:50069",
    "aggregatorServerPort": 50081,
    "aggregatorClientPort": 50081,
    "aggregatorClientHost": "127.0.0.1",
    "aggregatorClientWatchdogTimeout": 2000000,
    "mapConstPolsFile": false,
    "mapConstantsTreeFile": false,
    "inputFiledd":"runtime/output/20230222_104819_148258_6cdb131d-f9d7-4946-b401-d455242171d0.1.process_batch_input_db.json",
    "inputFilesdf": "testvectors/20221129_084153_522394_8f444d8c-dc73-4aa1-a34b-dd1d73c93e8b.input_prover.json",
    "inputFileff": "runtime/output/20230216_163629_299579_c50ec0ff-1e3c-435f-b87b-406b70eab8a1.1.process_batch_input_db.json",
    "inputFile": "testvectors/batchProof/input_executor_0.json",
    "inputFilefd": "testvectors/performance/121_tx_input.json",
    "inputFiledffd": "testvectors/performance/balance_transfer-498.json",
    "inputFilekj": "testvectors/performance/erc20_transfers_56.json",
    "inputFilefddd": "testvectors/performance/erc20_transferfrom_34.json",
    "inputFileihuh": "testvectors/performance/uniswap_swaps_21.json",
    "inputFileefsfd": "testvectors/performance/uniswap_router_swaps_12.json",
    "inputFileirjkr": "testvectors/performance/erc_721_mint_36.json",
    "inputFileddd": "testvectors/ContractStoreClearsOOG.json",
    "inputFilefggf": "testvectors/op_log-2.json",
    "inputFiledfd": "testvectors/e2e_0.json",
    "inputFile978": "testvectors/20230113_173956_638560_ef0dfd73-5698-4d38-b47e-0a39875aff25.0.process_batch_input_db.json",
    "inputFileds": "testvectors/20230227_145655_759351_7d39c936-c7ab-4261-8d07-8fb8d51f0aeb.80467.gen_batch_proof_input_db.json",
    "inputFilelkjl": "testvectors/balances_6.json",
    "inputFilesdfd": "testvectors/20230302_091110_925900_913612fe-c8f9-418b-96b6-e9c31bc23472.536.gen_batch_proof_input_db.json",
    "inputFilegjgjhg": "testvectors/ooc.json",
    "inputFilefef": "testvectors/20230314_141222_027442_8480ab87-18cc-409f-8c81-749683d31641.13827.gen_batch_proof_input.json",
    "inputFile_disabled": "testvectors/aggregatedProof/recursive1.zkin.proof_0.json",
    "inputFile2": "testvectors/aggregatedProof/recursive1.zkin.proof_1.json",
    "inputFilegdfgf": "testvectors/20230118_183223_762981_69377d5c-df03-4f58-ba03-c786d1582666.0.process_batch_input_db.json",
    "inputFilertert": "testvectors/op-log_4.json",
    "inputFilefsfd": "testvectors/inputs-error-keccaks/",
    "inputFiledfsdf": "testvectors/all.json",
    "inputFileasds": "testvectors/fea2scalar.json",
    "inputFiltrt": "testvectors/eth-call-19852.json",
    "inputFilegg": "testvectors/eth-call-30--01_47_02.json",
    "inputFilefsdf": "testvectors/deltaStorage2.json",
    "inputFilejty": "testvectors/pre-ecrecover_0.json",
    "inputFiledf": "testvectors/elseAddr.json",
    "inputFilesdsd": "testvectors/op-create_1.json",
    "inputFilesdfdf": "testvectors/thiago_reverted.json",
    "inputFilelkfgdj": "testvectors/carles_revert.json",
    "inputFilefsdfsdd": "testvectors/carlos_padding.json",
    "inputFilesdfsdfd": "testvectors/toni_empty_return.json",
    "inputFilefdfs": "testvectors/batch_1236.json",
    "inputFile97878": "testvectors/fea2scalar_globalExitRoot.json",
    "rom_disabled": "test/main_sm/collection_test.json",
    "outputPath_disabled": "runtime/output",
    "zkevmCmPols_disabled": "runtime/zkevm.commit",
    "zkevmCmPolsAfterExecutor_disabled": "runtime/zkevm.commit",
    "c12aCmPols_disabled": "runtime/c12a.commit",
    "recursive1CmPols_disabled": "runtime/recursive1.commit",
    "recursive2CmPols_disabled": "runtime/recursive2.commit",
    "recursivefCmPols_disabled": "runtime/recursivef.commit",
    "finalCmPols_disabled": "runtime/final.commit",
    "publicsOutput_disabled": "public.json",
    "proofFile_disabled": "proof.json",
    "databaseURL_": "local",
    "databaseURL": "postgresql://prover_user:prover_pass@127.0.0.1:5432/prover_db",
    "databaseURLgf": "postgresql://zkevmpublicstatedb:IcFP3nArVa@127.0.0.1:5436/zkevmpublicstatedb",
    "databaseURLg": "postgresql://zkevminternalstatedb:sCvXIWSCxK@127.0.0.1:5436/zkevminternalstatedb",
    "databaseURLdfd": "postgresql://zkevmmainnetstatedb:artzKGBVUs@127.0.0.1:6435/zkevmmainnetstatedb",
    "databaseURLff": "postgresql://zkevminternalstatedb:sCvXIWSCxK@127.0.0.1:6435/zkevminternalstatedb",
    "dbNodesTableName": "state.nodes",
    "dbProgramTableName": "state.program",
    "dbMultiWrite": true,
    "dbConnectionsPool": true,
    "dbNumberOfPoolConnections": 31,
    "dbMetrics": false, 
    "dbClearCache": false,
    "dbGetTree": true,
    "dbReadOnly": false,
    "dbReadRetryDelay": 100000,
    "dbMultiWriteSingleHash": false,
    "dbMultiWriteSinglePosition": true,
    "cleanerPollingPeriod": 600,
    "requestsPersistence": 3600,
    "maxExecutorThreads": 15,
    "maxProverThreads": 8,
    "maxHashDBThreads": 15,
    "proverName": "ProverName001",
    "dbMTCacheSize": 6176,
    "useAssociativeCache": false,
    "runHashDBTest": false,
    "runDatabaseCacheTest": false,
    "runDatabaseAssociativeCacheTest": false,
    "runSMT64Test": false,
    "runDbKVTest": false,
    "runPageManagerTest": true
}