{
 "program": [
  {
   "CONST": "0",
   "setHASH_LEFT": 1,
   "setHASH_RIGHT": 1,
   "setOLD_ROOT": 1,
   "setNEW_ROOT": 1,
   "setVALUE_LOW": 1,
   "setVALUE_HIGH": 1,
   "setSIBLING_VALUE_HASH": 1,
   "setRKEY": 1,
   "setSIBLING_RKEY": 1,
   "setRKEY_BIT": 1,
   "setLEVEL": 1,
   "line": 4,
   "fileName": "storage_sm.zkasm"
  },
  {
   "freeInTag": {
    "op": "functionCall",
    "funcName": "isGet",
    "params": []
   },
   "inFREE": "1",
   "iJmpz": "1",
   "addressLabel": "Run_IsSetUpdate",
   "line": 6,
   "address": 3,
   "fileName": "storage_sm.zkasm"
  },
  {
   "iJmp": "1",
   "addressLabel": "Get",
   "line": 7,
   "address": 17,
   "fileName": "storage_sm.zkasm"
  },
  {
   "freeInTag": {
    "op": "functionCall",
    "funcName": "isSetUpdate",
    "params": []
   },
   "inFREE": "1",
   "iJmpz": "1",
   "addressLabel": "Run_IsSetInsertFound",
   "line": 9,
   "address": 5,
   "fileName": "storage_sm.zkasm"
  },
  {
   "iJmp": "1",
   "addressLabel": "Set_Update",
   "line": 10,
   "address": 78,
   "fileName": "storage_sm.zkasm"
  },
  {
   "freeInTag": {
    "op": "functionCall",
    "funcName": "isSetInsertFound",
    "params": []
   },
   "inFREE": "1",
   "iJmpz": "1",
   "addressLabel": "Run_IsSetInsertNotFound",
   "line": 12,
   "address": 7,
   "fileName": "storage_sm.zkasm"
  },
  {
   "iJmp": "1",
   "addressLabel": "Set_InsertFound",
   "line": 13,
   "address": 117,
   "fileName": "storage_sm.zkasm"
  },
  {
   "freeInTag": {
    "op": "functionCall",
    "funcName": "isSetInsertNotFound",
    "params": []
   },
   "inFREE": "1",
   "iJmpz": "1",
   "addressLabel": "Run_IsSetDeleteLast",
   "line": 15,
   "address": 9,
   "fileName": "storage_sm.zkasm"
  },
  {
   "iJmp": "1",
   "addressLabel": "Set_InsertNotFound",
   "line": 16,
   "address": 191,
   "fileName": "storage_sm.zkasm"
  },
  {
   "freeInTag": {
    "op": "functionCall",
    "funcName": "isSetDeleteLast",
    "params": []
   },
   "inFREE": "1",
   "iJmpz": "1",
   "addressLabel": "Run_IsSetDeleteFound",
   "line": 18,
   "address": 11,
   "fileName": "storage_sm.zkasm"
  },
  {
   "iJmp": "1",
   "addressLabel": "Set_DeleteLast",
   "line": 19,
   "address": 225,
   "fileName": "storage_sm.zkasm"
  },
  {
   "freeInTag": {
    "op": "functionCall",
    "funcName": "isSetDeleteFound",
    "params": []
   },
   "inFREE": "1",
   "iJmpz": "1",
   "addressLabel": "Run_IsSetDeleteNotFound",
   "line": 21,
   "address": 13,
   "fileName": "storage_sm.zkasm"
  },
  {
   "iJmp": "1",
   "addressLabel": "Set_DeleteFound",
   "line": 22,
   "address": 242,
   "fileName": "storage_sm.zkasm"
  },
  {
   "freeInTag": {
    "op": "functionCall",
    "funcName": "isSetDeleteNotFound",
    "params": []
   },
   "inFREE": "1",
   "iJmpz": "1",
   "addressLabel": "Run_IsSetZeroToZero",
   "line": 24,
   "address": 15,
   "fileName": "storage_sm.zkasm"
  },
  {
   "iJmp": "1",
   "addressLabel": "Set_DeleteNotFound",
   "line": 25,
   "address": 318,
   "fileName": "storage_sm.zkasm"
  },
  {
   "freeInTag": {
    "op": "functionCall",
    "funcName": "isSetZeroToZero",
    "params": []
   },
   "inFREE": "1",
   "iJmpz": "1",
   "addressLabel": "SetAllToZero",
   "line": 27,
   "address": 389,
   "fileName": "storage_sm.zkasm"
  },
  {
   "iJmp": "1",
   "addressLabel": "Set_ZeroToZero",
   "line": 28,
   "address": 352,
   "fileName": "storage_sm.zkasm"
  },
  {
   "freeInTag": {
    "op": "functionCall",
    "funcName": "GetRkey",
    "params": []
   },
   "inFREE": "1",
   "setRKEY": 1,
   "line": 26,
   "fileName": "storage_sm_get.zkasm"
  },
  {
   "freeInTag": {
    "op": "functionCall",
    "funcName": "GetValueLow",
    "params": []
   },
   "inFREE": "1",
   "setVALUE_LOW": 1,
   "setVALUE_HIGH": 1,
   "iJmpz": "1",
   "addressLabel": "Get_VL0IsZero",
   "line": 31,
   "address": 20,
   "fileName": "storage_sm_get.zkasm"
  },
  {
   "iJmp": "1",
   "addressLabel": "Get_VLIsNotZero",
   "line": 32,
   "address": 37,
   "fileName": "storage_sm_get.zkasm"
  },
  {
   "inROTL_VH": "1",
   "setVALUE_HIGH": 1,
   "iJmpz": "1",
   "addressLabel": "Get_VL01IsZero",
   "line": 37,
   "address": 22,
   "fileName": "storage_sm_get.zkasm"
  },
  {
   "iJmp": "1",
   "addressLabel": "Get_VLIsNotZero",
   "line": 38,
   "address": 37,
   "fileName": "storage_sm_get.zkasm"
  },
  {
   "inROTL_VH": "1",
   "setVALUE_HIGH": 1,
   "iJmpz": "1",
   "addressLabel": "Get_VL012IsZero",
   "line": 42,
   "address": 24,
   "fileName": "storage_sm_get.zkasm"
  },
  {
   "iJmp": "1",
   "addressLabel": "Get_VLIsNotZero",
   "line": 43,
   "address": 37,
   "fileName": "storage_sm_get.zkasm"
  },
  {
   "inROTL_VH": "1",
   "setVALUE_HIGH": 1,
   "iJmpz": "1",
   "addressLabel": "Get_VLIsZero",
   "line": 47,
   "address": 26,
   "fileName": "storage_sm_get.zkasm"
  },
  {
   "iJmp": "1",
   "addressLabel": "Get_VLIsNotZero",
   "line": 48,
   "address": 37,
   "fileName": "storage_sm_get.zkasm"
  },
  {
   "freeInTag": {
    "op": "functionCall",
    "funcName": "GetValueHigh",
    "params": []
   },
   "inFREE": "1",
   "setVALUE_HIGH": 1,
   "iJmpz": "1",
   "addressLabel": "Get_VLVH0IsZero",
   "line": 52,
   "address": 28,
   "fileName": "storage_sm_get.zkasm"
  },
  {
   "iJmp": "1",
   "addressLabel": "Get_ValueIsNotZero",
   "line": 53,
   "address": 38,
   "fileName": "storage_sm_get.zkasm"
  },
  {
   "inROTL_VH": "1",
   "setVALUE_HIGH": 1,
   "iJmpz": "1",
   "addressLabel": "Get_VLVH01IsZero",
   "line": 57,
   "address": 32,
   "fileName": "storage_sm_get.zkasm"
  },
  {
   "inROTL_VH": "1",
   "setVALUE_HIGH": 1,
   "line": 58,
   "fileName": "storage_sm_get.zkasm"
  },
  {
   "inROTL_VH": "1",
   "setVALUE_HIGH": 1,
   "line": 59,
   "fileName": "storage_sm_get.zkasm"
  },
  {
   "inROTL_VH": "1",
   "setVALUE_HIGH": 1,
   "iJmp": "1",
   "addressLabel": "Get_ValueIsNotZero",
   "line": 60,
   "address": 38,
   "fileName": "storage_sm_get.zkasm"
  },
  {
   "inROTL_VH": "1",
   "setVALUE_HIGH": 1,
   "iJmpz": "1",
   "addressLabel": "Get_VLVH012IsZero",
   "line": 63,
   "address": 35,
   "fileName": "storage_sm_get.zkasm"
  },
  {
   "inROTL_VH": "1",
   "setVALUE_HIGH": 1,
   "line": 64,
   "fileName": "storage_sm_get.zkasm"
  },
  {
   "inROTL_VH": "1",
   "setVALUE_HIGH": 1,
   "iJmp": "1",
   "addressLabel": "Get_ValueIsNotZero",
   "line": 65,
   "address": 38,
   "fileName": "storage_sm_get.zkasm"
  },
  {
   "inROTL_VH": "1",
   "setVALUE_HIGH": 1,
   "iJmpz": "1",
   "addressLabel": "Get_ValueIsZero",
   "line": 68,
   "address": 44,
   "fileName": "storage_sm_get.zkasm"
  },
  {
   "inROTL_VH": "1",
   "setVALUE_HIGH": 1,
   "iJmp": "1",
   "addressLabel": "Get_ValueIsNotZero",
   "line": 69,
   "address": 38,
   "fileName": "storage_sm_get.zkasm"
  },
  {
   "freeInTag": {
    "op": "functionCall",
    "funcName": "GetValueHigh",
    "params": []
   },
   "inFREE": "1",
   "setVALUE_HIGH": 1,
   "line": 74,
   "fileName": "storage_sm_get.zkasm"
  },
  {
   "inVALUE_LOW": "1",
   "setHASH_LEFT": 1,
   "line": 81,
   "fileName": "storage_sm_get.zkasm"
  },
  {
   "inVALUE_HIGH": "1",
   "setHASH_RIGHT": 1,
   "line": 82,
   "fileName": "storage_sm_get.zkasm"
  },
  {
   "freeInTag": {
    "op": ""
   },
   "inFREE": "1",
   "setHASH_RIGHT": 1,
   "iHash": "1",
   "iHashType": 0,
   "line": 83,
   "fileName": "storage_sm_get.zkasm"
  },
  {
   "inRKEY": "1",
   "setHASH_LEFT": 1,
   "line": 86,
   "fileName": "storage_sm_get.zkasm"
  },
  {
   "freeInTag": {
    "op": ""
   },
   "inFREE": "1",
   "setOLD_ROOT": 1,
   "iHash": "1",
   "iHashType": 1,
   "line": 87,
   "fileName": "storage_sm_get.zkasm"
  },
  {
   "iJmp": "1",
   "addressLabel": "Get_InitLevel",
   "line": 89,
   "address": 53,
   "fileName": "storage_sm_get.zkasm"
  },
  {
   "freeInTag": {
    "op": "functionCall",
    "funcName": "GetIsOld0",
    "params": []
   },
   "inFREE": "1",
   "iJmpz": "1",
   "addressLabel": "Get_ValueIsZero_LeafNode",
   "line": 93,
   "address": 46,
   "fileName": "storage_sm_get.zkasm"
  },
  {
   "iJmp": "1",
   "addressLabel": "Get_ValueIsZero_IntermediateNode",
   "line": 94,
   "address": 52,
   "fileName": "storage_sm_get.zkasm"
  },
  {
   "freeInTag": {
    "op": "functionCall",
    "funcName": "GetSiblingValueLow",
    "params": []
   },
   "inFREE": "1",
   "setHASH_LEFT": 1,
   "line": 100,
   "fileName": "storage_sm_get.zkasm"
  },
  {
   "freeInTag": {
    "op": "functionCall",
    "funcName": "GetSiblingValueHigh",
    "params": []
   },
   "inFREE": "1",
   "setHASH_RIGHT": 1,
   "line": 101,
   "fileName": "storage_sm_get.zkasm"
  },
  {
   "freeInTag": {
    "op": ""
   },
   "inFREE": "1",
   "setHASH_RIGHT": 1,
   "iHash": "1",
   "iHashType": 0,
   "line": 102,
   "fileName": "storage_sm_get.zkasm"
  },
  {
   "freeInTag": {
    "op": "functionCall",
    "funcName": "GetSiblingRkey",
    "params": []
   },
   "inFREE": "1",
   "setHASH_LEFT": 1,
   "line": 104,
   "fileName": "storage_sm_get.zkasm"
  },
  {
   "freeInTag": {
    "op": ""
   },
   "inFREE": "1",
   "setOLD_ROOT": 1,
   "iHash": "1",
   "iHashType": 1,
   "line": 105,
   "fileName": "storage_sm_get.zkasm"
  },
  {
   "iJmp": "1",
   "addressLabel": "Get_InitLevel",
   "line": 106,
   "address": 53,
   "fileName": "storage_sm_get.zkasm"
  },
  {
   "CONST": "0",
   "setOLD_ROOT": 1,
   "line": 111,
   "fileName": "storage_sm_get.zkasm"
  },
  {
   "CONST": "1",
   "setLEVEL": 1,
   "line": 118,
   "fileName": "storage_sm_get.zkasm"
  },
  {
   "freeInTag": {
    "op": "functionCall",
    "funcName": "GetLevelBit",
    "params": [
     {
      "op": "number",
      "num": 0
     }
    ]
   },
   "inFREE": "1",
   "iJmpz": "1",
   "addressLabel": "Get_LevelBit1",
   "line": 121,
   "address": 58,
   "fileName": "storage_sm_get.zkasm"
  },
  {
   "iRotateLevel": "1",
   "line": 122,
   "fileName": "storage_sm_get.zkasm"
  },
  {
   "iRotateLevel": "1",
   "line": 123,
   "fileName": "storage_sm_get.zkasm"
  },
  {
   "iRotateLevel": "1",
   "line": 124,
   "fileName": "storage_sm_get.zkasm"
  },
  {
   "freeInTag": {
    "op": "functionCall",
    "funcName": "GetLevelBit",
    "params": [
     {
      "op": "number",
      "num": 1
     }
    ]
   },
   "inFREE": "1",
   "iJmpz": "1",
   "addressLabel": "Get_ClimbTree",
   "line": 129,
   "address": 61,
   "fileName": "storage_sm_get.zkasm"
  },
  {
   "iRotateLevel": "1",
   "line": 130,
   "fileName": "storage_sm_get.zkasm"
  },
  {
   "iRotateLevel": "1",
   "line": 131,
   "fileName": "storage_sm_get.zkasm"
  },
  {
   "freeInTag": {
    "op": "functionCall",
    "funcName": "GetTopTree",
    "params": []
   },
   "inFREE": "1",
   "iJmpz": "1",
   "addressLabel": "Get_Latch",
   "line": 136,
   "address": 76,
   "fileName": "storage_sm_get.zkasm"
  },
  {
   "freeInTag": {
    "op": "functionCall",
    "funcName": "GetNextKeyBit",
    "params": []
   },
   "inFREE": "1",
   "setRKEY_BIT": 1,
   "line": 139,
   "fileName": "storage_sm_get.zkasm"
  },
  {
   "inRKEY_BIT": "1",
   "iJmpz": "1",
   "addressLabel": "Get_SiblingIsRight",
   "line": 140,
   "address": 70,
   "fileName": "storage_sm_get.zkasm"
  },
  {
   "freeInTag": {
    "op": "functionCall",
    "funcName": "GetSiblingHash",
    "params": []
   },
   "inFREE": "1",
   "setHASH_LEFT": 1,
   "line": 145,
   "fileName": "storage_sm_get.zkasm"
  },
  {
   "inOLD_ROOT": "1",
   "setHASH_RIGHT": 1,
   "line": 146,
   "fileName": "storage_sm_get.zkasm"
  },
  {
   "freeInTag": {
    "op": ""
   },
   "inFREE": "1",
   "setOLD_ROOT": 1,
   "iHash": "1",
   "iHashType": 0,
   "line": 147,
   "fileName": "storage_sm_get.zkasm"
  },
  {
   "iRotateLevel": "1",
   "line": 150,
   "fileName": "storage_sm_get.zkasm"
  },
  {
   "iClimbRkey": "1",
   "line": 151,
   "fileName": "storage_sm_get.zkasm"
  },
  {
   "iJmp": "1",
   "addressLabel": "Get_ClimbTree",
   "line": 153,
   "address": 61,
   "fileName": "storage_sm_get.zkasm"
  },
  {
   "inOLD_ROOT": "1",
   "setHASH_LEFT": 1,
   "line": 158,
   "fileName": "storage_sm_get.zkasm"
  },
  {
   "freeInTag": {
    "op": "functionCall",
    "funcName": "GetSiblingHash",
    "params": []
   },
   "inFREE": "1",
   "setHASH_RIGHT": 1,
   "line": 159,
   "fileName": "storage_sm_get.zkasm"
  },
  {
   "freeInTag": {
    "op": ""
   },
   "inFREE": "1",
   "setOLD_ROOT": 1,
   "iHash": "1",
   "iHashType": 0,
   "line": 160,
   "fileName": "storage_sm_get.zkasm"
  },
  {
   "iRotateLevel": "1",
   "line": 163,
   "fileName": "storage_sm_get.zkasm"
  },
  {
   "iClimbRkey": "1",
   "line": 164,
   "fileName": "storage_sm_get.zkasm"
  },
  {
   "iJmp": "1",
   "addressLabel": "Get_ClimbTree",
   "line": 166,
   "address": 61,
   "fileName": "storage_sm_get.zkasm"
  },
  {
   "iLatchGet": "1",
   "line": 171,
   "fileName": "storage_sm_get.zkasm"
  },
  {
   "iJmp": "1",
   "addressLabel": "Run",
   "line": 174,
   "address": 0,
   "fileName": "storage_sm_get.zkasm"
  },
  {
   "freeInTag": {
    "op": "functionCall",
    "funcName": "GetRkey",
    "params": []
   },
   "inFREE": "1",
   "setRKEY": 1,
   "line": 15,
   "fileName": "storage_sm_set_update.zkasm"
  },
  {
   "freeInTag": {
    "op": "functionCall",
    "funcName": "GetOldValueLow",
    "params": []
   },
   "inFREE": "1",
   "setHASH_LEFT": 1,
   "line": 18,
   "fileName": "storage_sm_set_update.zkasm"
  },
  {
   "freeInTag": {
    "op": "functionCall",
    "funcName": "GetOldValueHigh",
    "params": []
   },
   "inFREE": "1",
   "setHASH_RIGHT": 1,
   "line": 19,
   "fileName": "storage_sm_set_update.zkasm"
  },
  {
   "freeInTag": {
    "op": ""
   },
   "inFREE": "1",
   "setHASH_RIGHT": 1,
   "iHash": "1",
   "iHashType": 0,
   "line": 20,
   "fileName": "storage_sm_set_update.zkasm"
  },
  {
   "inRKEY": "1",
   "setHASH_LEFT": 1,
   "line": 23,
   "fileName": "storage_sm_set_update.zkasm"
  },
  {
   "freeInTag": {
    "op": ""
   },
   "inFREE": "1",
   "setOLD_ROOT": 1,
   "iHash": "1",
   "iHashType": 1,
   "line": 24,
   "fileName": "storage_sm_set_update.zkasm"
  },
  {
   "freeInTag": {
    "op": "functionCall",
    "funcName": "GetValueLow",
    "params": []
   },
   "inFREE": "1",
   "setVALUE_LOW": 1,
   "setHASH_LEFT": 1,
   "line": 27,
   "fileName": "storage_sm_set_update.zkasm"
  },
  {
   "freeInTag": {
    "op": "functionCall",
    "funcName": "GetValueHigh",
    "params": []
   },
   "inFREE": "1",
   "setVALUE_HIGH": 1,
   "setHASH_RIGHT": 1,
   "line": 28,
   "fileName": "storage_sm_set_update.zkasm"
  },
  {
   "freeInTag": {
    "op": ""
   },
   "inFREE": "1",
   "setHASH_RIGHT": 1,
   "iHash": "1",
   "iHashType": 0,
   "line": 29,
   "fileName": "storage_sm_set_update.zkasm"
  },
  {
   "inRKEY": "1",
   "setHASH_LEFT": 1,
   "line": 32,
   "fileName": "storage_sm_set_update.zkasm"
  },
  {
   "freeInTag": {
    "op": ""
   },
   "inFREE": "1",
   "setNEW_ROOT": 1,
   "iHash": "1",
   "iHashType": 1,
   "line": 33,
   "fileName": "storage_sm_set_update.zkasm"
  },
  {
   "CONST": "1",
   "setLEVEL": 1,
   "line": 39,
   "fileName": "storage_sm_set_update.zkasm"
  },
  {
   "freeInTag": {
    "op": "functionCall",
    "funcName": "GetLevelBit",
    "params": [
     {
      "op": "number",
      "num": 0
     }
    ]
   },
   "inFREE": "1",
   "iJmpz": "1",
   "addressLabel": "SU_LevelBit1",
   "line": 42,
   "address": 94,
   "fileName": "storage_sm_set_update.zkasm"
  },
  {
   "iRotateLevel": "1",
   "line": 43,
   "fileName": "storage_sm_set_update.zkasm"
  },
  {
   "iRotateLevel": "1",
   "line": 44,
   "fileName": "storage_sm_set_update.zkasm"
  },
  {
   "iRotateLevel": "1",
   "line": 45,
   "fileName": "storage_sm_set_update.zkasm"
  },
  {
   "freeInTag": {
    "op": "functionCall",
    "funcName": "GetLevelBit",
    "params": [
     {
      "op": "number",
      "num": 1
     }
    ]
   },
   "inFREE": "1",
   "iJmpz": "1",
   "addressLabel": "SU_ClimbTree",
   "line": 50,
   "address": 97,
   "fileName": "storage_sm_set_update.zkasm"
  },
  {
   "iRotateLevel": "1",
   "line": 51,
   "fileName": "storage_sm_set_update.zkasm"
  },
  {
   "iRotateLevel": "1",
   "line": 52,
   "fileName": "storage_sm_set_update.zkasm"
  },
  {
   "freeInTag": {
    "op": "functionCall",
    "funcName": "GetTopTree",
    "params": []
   },
   "inFREE": "1",
   "iJmpz": "1",
   "addressLabel": "SU_Latch",
   "line": 57,
   "address": 115,
   "fileName": "storage_sm_set_update.zkasm"
  },
  {
   "freeInTag": {
    "op": "functionCall",
    "funcName": "GetNextKeyBit",
    "params": []
   },
   "inFREE": "1",
   "setRKEY_BIT": 1,
   "iJmpz": "1",
   "addressLabel": "SU_SiblingIsRight",
   "line": 60,
   "address": 107,
   "fileName": "storage_sm_set_update.zkasm"
  },
  {
   "freeInTag": {
    "op": "functionCall",
    "funcName": "GetSiblingHash",
    "params": []
   },
   "inFREE": "1",
   "setHASH_LEFT": 1,
   "line": 65,
   "fileName": "storage_sm_set_update.zkasm"
  },
  {
   "inNEW_ROOT": "1",
   "setHASH_RIGHT": 1,
   "line": 66,
   "fileName": "storage_sm_set_update.zkasm"
  },
  {
   "freeInTag": {
    "op": ""
   },
   "inFREE": "1",
   "setNEW_ROOT": 1,
   "iHash": "1",
   "iHashType": 0,
   "line": 67,
   "fileName": "storage_sm_set_update.zkasm"
  },
  {
   "inOLD_ROOT": "1",
   "setHASH_RIGHT": 1,
   "line": 70,
   "fileName": "storage_sm_set_update.zkasm"
  },
  {
   "freeInTag": {
    "op": ""
   },
   "inFREE": "1",
   "setOLD_ROOT": 1,
   "iHash": "1",
   "iHashType": 0,
   "line": 71,
   "fileName": "storage_sm_set_update.zkasm"
  },
  {
   "iRotateLevel": "1",
   "line": 74,
   "fileName": "storage_sm_set_update.zkasm"
  },
  {
   "iClimbRkey": "1",
   "line": 75,
   "fileName": "storage_sm_set_update.zkasm"
  },
  {
   "iJmp": "1",
   "addressLabel": "SU_ClimbTree",
   "line": 77,
   "address": 97,
   "fileName": "storage_sm_set_update.zkasm"
  },
  {
   "inNEW_ROOT": "1",
   "setHASH_LEFT": 1,
   "line": 82,
   "fileName": "storage_sm_set_update.zkasm"
  },
  {
   "freeInTag": {
    "op": "functionCall",
    "funcName": "GetSiblingHash",
    "params": []
   },
   "inFREE": "1",
   "setHASH_RIGHT": 1,
   "line": 83,
   "fileName": "storage_sm_set_update.zkasm"
  },
  {
   "freeInTag": {
    "op": ""
   },
   "inFREE": "1",
   "setNEW_ROOT": 1,
   "iHash": "1",
   "iHashType": 0,
   "line": 84,
   "fileName": "storage_sm_set_update.zkasm"
  },
  {
   "inOLD_ROOT": "1",
   "setHASH_LEFT": 1,
   "line": 87,
   "fileName": "storage_sm_set_update.zkasm"
  },
  {
   "freeInTag": {
    "op": ""
   },
   "inFREE": "1",
   "setOLD_ROOT": 1,
   "iHash": "1",
   "iHashType": 0,
   "line": 88,
   "fileName": "storage_sm_set_update.zkasm"
  },
  {
   "iRotateLevel": "1",
   "line": 91,
   "fileName": "storage_sm_set_update.zkasm"
  },
  {
   "iClimbRkey": "1",
   "line": 92,
   "fileName": "storage_sm_set_update.zkasm"
  },
  {
   "iJmp": "1",
   "addressLabel": "SU_ClimbTree",
   "line": 94,
   "address": 97,
   "fileName": "storage_sm_set_update.zkasm"
  },
  {
   "iLatchSet": "1",
   "line": 99,
   "fileName": "storage_sm_set_update.zkasm"
  },
  {
   "iJmp": "1",
   "addressLabel": "Run",
   "line": 102,
   "address": 0,
   "fileName": "storage_sm_set_update.zkasm"
  },
  {
   "freeInTag": {
    "op": "functionCall",
    "funcName": "GetSiblingValueLow",
    "params": []
   },
   "inFREE": "1",
   "setHASH_LEFT": 1,
   "line": 21,
   "fileName": "storage_sm_set_insert_found.zkasm"
  },
  {
   "freeInTag": {
    "op": "functionCall",
    "funcName": "GetSiblingValueHigh",
    "params": []
   },
   "inFREE": "1",
   "setHASH_RIGHT": 1,
   "line": 22,
   "fileName": "storage_sm_set_insert_found.zkasm"
  },
  {
   "freeInTag": {
    "op": ""
   },
   "inFREE": "1",
   "setSIBLING_VALUE_HASH": 1,
   "setHASH_RIGHT": 1,
   "iHash": "1",
   "iHashType": 0,
   "line": 23,
   "fileName": "storage_sm_set_insert_found.zkasm"
  },
  {
   "freeInTag": {
    "op": "functionCall",
    "funcName": "GetSiblingRkey",
    "params": []
   },
   "inFREE": "1",
   "setSIBLING_RKEY": 1,
   "line": 26,
   "fileName": "storage_sm_set_insert_found.zkasm"
  },
  {
   "inSIBLING_RKEY": "1",
   "setHASH_LEFT": 1,
   "line": 27,
   "fileName": "storage_sm_set_insert_found.zkasm"
  },
  {
   "freeInTag": {
    "op": ""
   },
   "inFREE": "1",
   "setOLD_ROOT": 1,
   "iHash": "1",
   "iHashType": 1,
   "line": 28,
   "fileName": "storage_sm_set_insert_found.zkasm"
  },
  {
   "freeInTag": {
    "op": "functionCall",
    "funcName": "GetValueLow",
    "params": []
   },
   "inFREE": "1",
   "setVALUE_LOW": 1,
   "setHASH_LEFT": 1,
   "line": 31,
   "fileName": "storage_sm_set_insert_found.zkasm"
  },
  {
   "freeInTag": {
    "op": "functionCall",
    "funcName": "GetValueHigh",
    "params": []
   },
   "inFREE": "1",
   "setVALUE_HIGH": 1,
   "setHASH_RIGHT": 1,
   "line": 32,
   "fileName": "storage_sm_set_insert_found.zkasm"
  },
  {
   "freeInTag": {
    "op": ""
   },
   "inFREE": "1",
   "setHASH_RIGHT": 1,
   "iHash": "1",
   "iHashType": 0,
   "line": 33,
   "fileName": "storage_sm_set_insert_found.zkasm"
  },
  {
   "freeInTag": {
    "op": "functionCall",
    "funcName": "GetRkey",
    "params": []
   },
   "inFREE": "1",
   "setRKEY": 1,
   "setHASH_LEFT": 1,
   "line": 36,
   "fileName": "storage_sm_set_insert_found.zkasm"
  },
  {
   "freeInTag": {
    "op": ""
   },
   "inFREE": "1",
   "setNEW_ROOT": 1,
   "iHash": "1",
   "iHashType": 1,
   "line": 37,
   "fileName": "storage_sm_set_insert_found.zkasm"
  },
  {
   "CONST": "1",
   "setLEVEL": 1,
   "line": 43,
   "fileName": "storage_sm_set_insert_found.zkasm"
  },
  {
   "freeInTag": {
    "op": "functionCall",
    "funcName": "GetLevelBit",
    "params": [
     {
      "op": "number",
      "num": 0
     }
    ]
   },
   "inFREE": "1",
   "iJmpz": "1",
   "addressLabel": "SIF_LevelBit1",
   "line": 46,
   "address": 133,
   "fileName": "storage_sm_set_insert_found.zkasm"
  },
  {
   "iRotateLevel": "1",
   "line": 47,
   "fileName": "storage_sm_set_insert_found.zkasm"
  },
  {
   "iRotateLevel": "1",
   "line": 48,
   "fileName": "storage_sm_set_insert_found.zkasm"
  },
  {
   "iRotateLevel": "1",
   "line": 49,
   "fileName": "storage_sm_set_insert_found.zkasm"
  },
  {
   "freeInTag": {
    "op": "functionCall",
    "funcName": "GetLevelBit",
    "params": [
     {
      "op": "number",
      "num": 1
     }
    ]
   },
   "inFREE": "1",
   "iJmpz": "1",
   "addressLabel": "SIF_FirstIntermediateNode",
   "line": 54,
   "address": 136,
   "fileName": "storage_sm_set_insert_found.zkasm"
  },
  {
   "iRotateLevel": "1",
   "line": 55,
   "fileName": "storage_sm_set_insert_found.zkasm"
  },
  {
   "iRotateLevel": "1",
   "line": 56,
   "fileName": "storage_sm_set_insert_found.zkasm"
  },
  {
   "freeInTag": {
    "op": "functionCall",
    "funcName": "GetNextKeyBit",
    "params": []
   },
   "inFREE": "1",
   "setRKEY_BIT": 1,
   "iJmpz": "1",
   "addressLabel": "SIF_SiblingIsRight1",
   "line": 63,
   "address": 144,
   "fileName": "storage_sm_set_insert_found.zkasm"
  },
  {
   "inOLD_ROOT": "1",
   "setHASH_LEFT": 1,
   "line": 68,
   "fileName": "storage_sm_set_insert_found.zkasm"
  },
  {
   "inNEW_ROOT": "1",
   "setHASH_RIGHT": 1,
   "line": 69,
   "fileName": "storage_sm_set_insert_found.zkasm"
  },
  {
   "freeInTag": {
    "op": ""
   },
   "inFREE": "1",
   "setNEW_ROOT": 1,
   "iHash": "1",
   "iHashType": 0,
   "line": 70,
   "fileName": "storage_sm_set_insert_found.zkasm"
  },
  {
   "iRotateLevel": "1",
   "line": 73,
   "fileName": "storage_sm_set_insert_found.zkasm"
  },
  {
   "iClimbRkey": "1",
   "line": 74,
   "fileName": "storage_sm_set_insert_found.zkasm"
  },
  {
   "iClimbSiblingRkeyN": "1",
   "line": 75,
   "fileName": "storage_sm_set_insert_found.zkasm"
  },
  {
   "iJmp": "1",
   "addressLabel": "SIF_ClimbBranch",
   "line": 77,
   "address": 150,
   "fileName": "storage_sm_set_insert_found.zkasm"
  },
  {
   "inNEW_ROOT": "1",
   "setHASH_LEFT": 1,
   "line": 82,
   "fileName": "storage_sm_set_insert_found.zkasm"
  },
  {
   "inOLD_ROOT": "1",
   "setHASH_RIGHT": 1,
   "line": 83,
   "fileName": "storage_sm_set_insert_found.zkasm"
  },
  {
   "freeInTag": {
    "op": ""
   },
   "inFREE": "1",
   "setNEW_ROOT": 1,
   "iHash": "1",
   "iHashType": 0,
   "line": 84,
   "fileName": "storage_sm_set_insert_found.zkasm"
  },
  {
   "iRotateLevel": "1",
   "line": 87,
   "fileName": "storage_sm_set_insert_found.zkasm"
  },
  {
   "iClimbRkey": "1",
   "line": 88,
   "fileName": "storage_sm_set_insert_found.zkasm"
  },
  {
   "iClimbSiblingRkeyN": "1",
   "line": 89,
   "fileName": "storage_sm_set_insert_found.zkasm"
  },
  {
   "freeInTag": {
    "op": "functionCall",
    "funcName": "GetTopOfBranch",
    "params": []
   },
   "inFREE": "1",
   "iJmpz": "1",
   "addressLabel": "SIF_StartOldRoot",
   "line": 93,
   "address": 166,
   "fileName": "storage_sm_set_insert_found.zkasm"
  },
  {
   "freeInTag": {
    "op": "functionCall",
    "funcName": "GetNextKeyBit",
    "params": []
   },
   "inFREE": "1",
   "setRKEY_BIT": 1,
   "iJmpz": "1",
   "addressLabel": "SIF_SiblingIsRight2",
   "line": 96,
   "address": 159,
   "fileName": "storage_sm_set_insert_found.zkasm"
  },
  {
   "CONST": "0",
   "setHASH_LEFT": 1,
   "line": 101,
   "fileName": "storage_sm_set_insert_found.zkasm"
  },
  {
   "inNEW_ROOT": "1",
   "setHASH_RIGHT": 1,
   "line": 102,
   "fileName": "storage_sm_set_insert_found.zkasm"
  },
  {
   "freeInTag": {
    "op": ""
   },
   "inFREE": "1",
   "setNEW_ROOT": 1,
   "iHash": "1",
   "iHashType": 0,
   "line": 103,
   "fileName": "storage_sm_set_insert_found.zkasm"
  },
  {
   "iRotateLevel": "1",
   "line": 106,
   "fileName": "storage_sm_set_insert_found.zkasm"
  },
  {
   "iClimbRkey": "1",
   "line": 107,
   "fileName": "storage_sm_set_insert_found.zkasm"
  },
  {
   "iClimbSiblingRkey": "1",
   "line": 108,
   "fileName": "storage_sm_set_insert_found.zkasm"
  },
  {
   "iJmp": "1",
   "addressLabel": "SIF_ClimbBranch",
   "line": 110,
   "address": 150,
   "fileName": "storage_sm_set_insert_found.zkasm"
  },
  {
   "inNEW_ROOT": "1",
   "setHASH_LEFT": 1,
   "line": 115,
   "fileName": "storage_sm_set_insert_found.zkasm"
  },
  {
   "CONST": "0",
   "setHASH_RIGHT": 1,
   "line": 116,
   "fileName": "storage_sm_set_insert_found.zkasm"
  },
  {
   "freeInTag": {
    "op": ""
   },
   "inFREE": "1",
   "setNEW_ROOT": 1,
   "iHash": "1",
   "iHashType": 0,
   "line": 117,
   "fileName": "storage_sm_set_insert_found.zkasm"
  },
  {
   "iRotateLevel": "1",
   "line": 120,
   "fileName": "storage_sm_set_insert_found.zkasm"
  },
  {
   "iClimbRkey": "1",
   "line": 121,
   "fileName": "storage_sm_set_insert_found.zkasm"
  },
  {
   "iClimbSiblingRkey": "1",
   "line": 122,
   "fileName": "storage_sm_set_insert_found.zkasm"
  },
  {
   "iJmp": "1",
   "addressLabel": "SIF_ClimbBranch",
   "line": 124,
   "address": 150,
   "fileName": "storage_sm_set_insert_found.zkasm"
  },
  {
   "inSIBLING_RKEY": "1",
   "setHASH_LEFT": 1,
   "line": 128,
   "fileName": "storage_sm_set_insert_found.zkasm"
  },
  {
   "inSIBLING_VALUE_HASH": "1",
   "setHASH_RIGHT": 1,
   "line": 129,
   "fileName": "storage_sm_set_insert_found.zkasm"
  },
  {
   "freeInTag": {
    "op": ""
   },
   "inFREE": "1",
   "setOLD_ROOT": 1,
   "iHash": "1",
   "iHashType": 1,
   "line": 130,
   "fileName": "storage_sm_set_insert_found.zkasm"
  },
  {
   "freeInTag": {
    "op": "functionCall",
    "funcName": "GetTopTree",
    "params": []
   },
   "inFREE": "1",
   "iJmpz": "1",
   "addressLabel": "SIF_Latch",
   "line": 135,
   "address": 189,
   "fileName": "storage_sm_set_insert_found.zkasm"
  },
  {
   "freeInTag": {
    "op": "functionCall",
    "funcName": "GetNextKeyBit",
    "params": []
   },
   "inFREE": "1",
   "setRKEY_BIT": 1,
   "iJmpz": "1",
   "addressLabel": "SIF_SiblingIsRight3",
   "line": 138,
   "address": 180,
   "fileName": "storage_sm_set_insert_found.zkasm"
  },
  {
   "inNEW_ROOT": "1",
   "setHASH_RIGHT": 1,
   "line": 143,
   "fileName": "storage_sm_set_insert_found.zkasm"
  },
  {
   "freeInTag": {
    "op": "functionCall",
    "funcName": "GetSiblingHash",
    "params": []
   },
   "inFREE": "1",
   "setHASH_LEFT": 1,
   "line": 144,
   "fileName": "storage_sm_set_insert_found.zkasm"
  },
  {
   "freeInTag": {
    "op": ""
   },
   "inFREE": "1",
   "setNEW_ROOT": 1,
   "iHash": "1",
   "iHashType": 0,
   "line": 145,
   "fileName": "storage_sm_set_insert_found.zkasm"
  },
  {
   "inOLD_ROOT": "1",
   "setHASH_RIGHT": 1,
   "line": 148,
   "fileName": "storage_sm_set_insert_found.zkasm"
  },
  {
   "freeInTag": {
    "op": ""
   },
   "inFREE": "1",
   "setOLD_ROOT": 1,
   "iHash": "1",
   "iHashType": 0,
   "line": 149,
   "fileName": "storage_sm_set_insert_found.zkasm"
  },
  {
   "iRotateLevel": "1",
   "line": 152,
   "fileName": "storage_sm_set_insert_found.zkasm"
  },
  {
   "iClimbRkey": "1",
   "line": 153,
   "fileName": "storage_sm_set_insert_found.zkasm"
  },
  {
   "iClimbSiblingRkey": "1",
   "line": 154,
   "fileName": "storage_sm_set_insert_found.zkasm"
  },
  {
   "iJmp": "1",
   "addressLabel": "SIF_ClimbTree",
   "line": 156,
   "address": 169,
   "fileName": "storage_sm_set_insert_found.zkasm"
  },
  {
   "inNEW_ROOT": "1",
   "setHASH_LEFT": 1,
   "line": 161,
   "fileName": "storage_sm_set_insert_found.zkasm"
  },
  {
   "freeInTag": {
    "op": "functionCall",
    "funcName": "GetSiblingHash",
    "params": []
   },
   "inFREE": "1",
   "setHASH_RIGHT": 1,
   "line": 162,
   "fileName": "storage_sm_set_insert_found.zkasm"
  },
  {
   "freeInTag": {
    "op": ""
   },
   "inFREE": "1",
   "setNEW_ROOT": 1,
   "iHash": "1",
   "iHashType": 0,
   "line": 163,
   "fileName": "storage_sm_set_insert_found.zkasm"
  },
  {
   "inOLD_ROOT": "1",
   "setHASH_LEFT": 1,
   "line": 166,
   "fileName": "storage_sm_set_insert_found.zkasm"
  },
  {
   "freeInTag": {
    "op": ""
   },
   "inFREE": "1",
   "setOLD_ROOT": 1,
   "iHash": "1",
   "iHashType": 0,
   "line": 167,
   "fileName": "storage_sm_set_insert_found.zkasm"
  },
  {
   "iRotateLevel": "1",
   "line": 170,
   "fileName": "storage_sm_set_insert_found.zkasm"
  },
  {
   "iClimbRkey": "1",
   "line": 171,
   "fileName": "storage_sm_set_insert_found.zkasm"
  },
  {
   "iClimbSiblingRkey": "1",
   "line": 172,
   "fileName": "storage_sm_set_insert_found.zkasm"
  },
  {
   "iJmp": "1",
   "addressLabel": "SIF_ClimbTree",
   "line": 174,
   "address": 169,
   "fileName": "storage_sm_set_insert_found.zkasm"
  },
  {
   "iLatchSet": "1",
   "line": 179,
   "fileName": "storage_sm_set_insert_found.zkasm"
  },
  {
   "iJmp": "1",
   "addressLabel": "Run",
   "line": 182,
   "address": 0,
   "fileName": "storage_sm_set_insert_found.zkasm"
  },
  {
   "freeInTag": {
    "op": "functionCall",
    "funcName": "GetValueLow",
    "params": []
   },
   "inFREE": "1",
   "setVALUE_LOW": 1,
   "setHASH_LEFT": 1,
   "line": 17,
   "fileName": "storage_sm_set_insert_not_found.zkasm"
  },
  {
   "freeInTag": {
    "op": "functionCall",
    "funcName": "GetValueHigh",
    "params": []
   },
   "inFREE": "1",
   "setVALUE_HIGH": 1,
   "setHASH_RIGHT": 1,
   "line": 18,
   "fileName": "storage_sm_set_insert_not_found.zkasm"
  },
  {
   "freeInTag": {
    "op": ""
   },
   "inFREE": "1",
   "setHASH_RIGHT": 1,
   "iHash": "1",
   "iHashType": 0,
   "line": 19,
   "fileName": "storage_sm_set_insert_not_found.zkasm"
  },
  {
   "freeInTag": {
    "op": "functionCall",
    "funcName": "GetRkey",
    "params": []
   },
   "inFREE": "1",
   "setRKEY": 1,
   "setHASH_LEFT": 1,
   "line": 22,
   "fileName": "storage_sm_set_insert_not_found.zkasm"
  },
  {
   "freeInTag": {
    "op": ""
   },
   "inFREE": "1",
   "setNEW_ROOT": 1,
   "iHash": "1",
   "iHashType": 1,
   "line": 23,
   "fileName": "storage_sm_set_insert_not_found.zkasm"
  },
  {
   "CONST": "1",
   "setLEVEL": 1,
   "line": 29,
   "fileName": "storage_sm_set_insert_not_found.zkasm"
  },
  {
   "freeInTag": {
    "op": "functionCall",
    "funcName": "GetLevelBit",
    "params": [
     {
      "op": "number",
      "num": 0
     }
    ]
   },
   "inFREE": "1",
   "iJmpz": "1",
   "addressLabel": "SINF_LevelBit1",
   "line": 32,
   "address": 201,
   "fileName": "storage_sm_set_insert_not_found.zkasm"
  },
  {
   "iRotateLevel": "1",
   "line": 33,
   "fileName": "storage_sm_set_insert_not_found.zkasm"
  },
  {
   "iRotateLevel": "1",
   "line": 34,
   "fileName": "storage_sm_set_insert_not_found.zkasm"
  },
  {
   "iRotateLevel": "1",
   "line": 35,
   "fileName": "storage_sm_set_insert_not_found.zkasm"
  },
  {
   "freeInTag": {
    "op": "functionCall",
    "funcName": "GetLevelBit",
    "params": [
     {
      "op": "number",
      "num": 1
     }
    ]
   },
   "inFREE": "1",
   "iJmpz": "1",
   "addressLabel": "SINF_StartOldRoot",
   "line": 40,
   "address": 204,
   "fileName": "storage_sm_set_insert_not_found.zkasm"
  },
  {
   "iRotateLevel": "1",
   "line": 41,
   "fileName": "storage_sm_set_insert_not_found.zkasm"
  },
  {
   "iRotateLevel": "1",
   "line": 42,
   "fileName": "storage_sm_set_insert_not_found.zkasm"
  },
  {
   "CONST": "0",
   "setOLD_ROOT": 1,
   "line": 48,
   "fileName": "storage_sm_set_insert_not_found.zkasm"
  },
  {
   "freeInTag": {
    "op": "functionCall",
    "funcName": "GetTopTree",
    "params": []
   },
   "inFREE": "1",
   "iJmpz": "1",
   "addressLabel": "SINF_Latch",
   "line": 53,
   "address": 223,
   "fileName": "storage_sm_set_insert_not_found.zkasm"
  },
  {
   "freeInTag": {
    "op": "functionCall",
    "funcName": "GetNextKeyBit",
    "params": []
   },
   "inFREE": "1",
   "setRKEY_BIT": 1,
   "iJmpz": "1",
   "addressLabel": "SINF_SiblingIsRight3",
   "line": 56,
   "address": 215,
   "fileName": "storage_sm_set_insert_not_found.zkasm"
  },
  {
   "inNEW_ROOT": "1",
   "setHASH_RIGHT": 1,
   "line": 61,
   "fileName": "storage_sm_set_insert_not_found.zkasm"
  },
  {
   "freeInTag": {
    "op": "functionCall",
    "funcName": "GetSiblingHash",
    "params": []
   },
   "inFREE": "1",
   "setHASH_LEFT": 1,
   "line": 62,
   "fileName": "storage_sm_set_insert_not_found.zkasm"
  },
  {
   "freeInTag": {
    "op": ""
   },
   "inFREE": "1",
   "setNEW_ROOT": 1,
   "iHash": "1",
   "iHashType": 0,
   "line": 63,
   "fileName": "storage_sm_set_insert_not_found.zkasm"
  },
  {
   "inOLD_ROOT": "1",
   "setHASH_RIGHT": 1,
   "line": 66,
   "fileName": "storage_sm_set_insert_not_found.zkasm"
  },
  {
   "freeInTag": {
    "op": ""
   },
   "inFREE": "1",
   "setOLD_ROOT": 1,
   "iHash": "1",
   "iHashType": 0,
   "line": 67,
   "fileName": "storage_sm_set_insert_not_found.zkasm"
  },
  {
   "iRotateLevel": "1",
   "line": 70,
   "fileName": "storage_sm_set_insert_not_found.zkasm"
  },
  {
   "iClimbRkey": "1",
   "line": 71,
   "fileName": "storage_sm_set_insert_not_found.zkasm"
  },
  {
   "iJmp": "1",
   "addressLabel": "SINF_ClimbTree",
   "line": 73,
   "address": 205,
   "fileName": "storage_sm_set_insert_not_found.zkasm"
  },
  {
   "inNEW_ROOT": "1",
   "setHASH_LEFT": 1,
   "line": 78,
   "fileName": "storage_sm_set_insert_not_found.zkasm"
  },
  {
   "freeInTag": {
    "op": "functionCall",
    "funcName": "GetSiblingHash",
    "params": []
   },
   "inFREE": "1",
   "setHASH_RIGHT": 1,
   "line": 79,
   "fileName": "storage_sm_set_insert_not_found.zkasm"
  },
  {
   "freeInTag": {
    "op": ""
   },
   "inFREE": "1",
   "setNEW_ROOT": 1,
   "iHash": "1",
   "iHashType": 0,
   "line": 80,
   "fileName": "storage_sm_set_insert_not_found.zkasm"
  },
  {
   "inOLD_ROOT": "1",
   "setHASH_LEFT": 1,
   "line": 83,
   "fileName": "storage_sm_set_insert_not_found.zkasm"
  },
  {
   "freeInTag": {
    "op": ""
   },
   "inFREE": "1",
   "setOLD_ROOT": 1,
   "iHash": "1",
   "iHashType": 0,
   "line": 84,
   "fileName": "storage_sm_set_insert_not_found.zkasm"
  },
  {
   "iRotateLevel": "1",
   "line": 87,
   "fileName": "storage_sm_set_insert_not_found.zkasm"
  },
  {
   "iClimbRkey": "1",
   "line": 88,
   "fileName": "storage_sm_set_insert_not_found.zkasm"
  },
  {
   "iJmp": "1",
   "addressLabel": "SINF_ClimbTree",
   "line": 90,
   "address": 205,
   "fileName": "storage_sm_set_insert_not_found.zkasm"
  },
  {
   "iLatchSet": "1",
   "line": 95,
   "fileName": "storage_sm_set_insert_not_found.zkasm"
  },
  {
   "iJmp": "1",
   "addressLabel": "Run",
   "line": 98,
   "address": 0,
   "fileName": "storage_sm_set_insert_not_found.zkasm"
  },
  {
   "freeInTag": {
    "op": "functionCall",
    "funcName": "GetRkey",
    "params": []
   },
   "inFREE": "1",
   "setRKEY": 1,
   "line": 11,
   "fileName": "storage_sm_set_delete_last.zkasm"
  },
  {
   "freeInTag": {
    "op": "functionCall",
    "funcName": "GetOldValueLow",
    "params": []
   },
   "inFREE": "1",
   "setHASH_LEFT": 1,
   "line": 14,
   "fileName": "storage_sm_set_delete_last.zkasm"
  },
  {
   "freeInTag": {
    "op": "functionCall",
    "funcName": "GetOldValueHigh",
    "params": []
   },
   "inFREE": "1",
   "setHASH_RIGHT": 1,
   "line": 15,
   "fileName": "storage_sm_set_delete_last.zkasm"
  },
  {
   "freeInTag": {
    "op": ""
   },
   "inFREE": "1",
   "setHASH_RIGHT": 1,
   "iHash": "1",
   "iHashType": 0,
   "line": 16,
   "fileName": "storage_sm_set_delete_last.zkasm"
  },
  {
   "inRKEY": "1",
   "setHASH_LEFT": 1,
   "line": 19,
   "fileName": "storage_sm_set_delete_last.zkasm"
  },
  {
   "freeInTag": {
    "op": ""
   },
   "inFREE": "1",
   "setOLD_ROOT": 1,
   "iHash": "1",
   "iHashType": 1,
   "line": 20,
   "fileName": "storage_sm_set_delete_last.zkasm"
  },
  {
   "CONST": "0",
   "setVALUE_LOW": 1,
   "setVALUE_HIGH": 1,
   "setNEW_ROOT": 1,
   "line": 23,
   "fileName": "storage_sm_set_delete_last.zkasm"
  },
  {
   "CONST": "1",
   "setLEVEL": 1,
   "line": 29,
   "fileName": "storage_sm_set_delete_last.zkasm"
  },
  {
   "freeInTag": {
    "op": "functionCall",
    "funcName": "GetLevelBit",
    "params": [
     {
      "op": "number",
      "num": 0
     }
    ]
   },
   "inFREE": "1",
   "iJmpz": "1",
   "addressLabel": "SDL_LevelBit1",
   "line": 32,
   "address": 237,
   "fileName": "storage_sm_set_delete_last.zkasm"
  },
  {
   "iRotateLevel": "1",
   "line": 33,
   "fileName": "storage_sm_set_delete_last.zkasm"
  },
  {
   "iRotateLevel": "1",
   "line": 34,
   "fileName": "storage_sm_set_delete_last.zkasm"
  },
  {
   "iRotateLevel": "1",
   "line": 35,
   "fileName": "storage_sm_set_delete_last.zkasm"
  },
  {
   "freeInTag": {
    "op": "functionCall",
    "funcName": "GetLevelBit",
    "params": [
     {
      "op": "number",
      "num": 1
     }
    ]
   },
   "inFREE": "1",
   "iJmpz": "1",
   "addressLabel": "SDL_LatchSet",
   "line": 40,
   "address": 240,
   "fileName": "storage_sm_set_delete_last.zkasm"
  },
  {
   "iRotateLevel": "1",
   "line": 41,
   "fileName": "storage_sm_set_delete_last.zkasm"
  },
  {
   "iRotateLevel": "1",
   "line": 42,
   "fileName": "storage_sm_set_delete_last.zkasm"
  },
  {
   "iLatchSet": "1",
   "line": 47,
   "fileName": "storage_sm_set_delete_last.zkasm"
  },
  {
   "iJmp": "1",
   "addressLabel": "Run",
   "line": 50,
   "address": 0,
   "fileName": "storage_sm_set_delete_last.zkasm"
  },
  {
   "freeInTag": {
    "op": "functionCall",
    "funcName": "GetOldValueLow",
    "params": []
   },
   "inFREE": "1",
   "setHASH_LEFT": 1,
   "line": 21,
   "fileName": "storage_sm_set_delete_found.zkasm"
  },
  {
   "freeInTag": {
    "op": "functionCall",
    "funcName": "GetOldValueHigh",
    "params": []
   },
   "inFREE": "1",
   "setHASH_RIGHT": 1,
   "line": 22,
   "fileName": "storage_sm_set_delete_found.zkasm"
  },
  {
   "freeInTag": {
    "op": ""
   },
   "inFREE": "1",
   "setHASH_RIGHT": 1,
   "iHash": "1",
   "iHashType": 0,
   "line": 23,
   "fileName": "storage_sm_set_delete_found.zkasm"
  },
  {
   "freeInTag": {
    "op": "functionCall",
    "funcName": "GetRkey",
    "params": []
   },
   "inFREE": "1",
   "setRKEY": 1,
   "line": 26,
   "fileName": "storage_sm_set_delete_found.zkasm"
  },
  {
   "inRKEY": "1",
   "setHASH_LEFT": 1,
   "line": 27,
   "fileName": "storage_sm_set_delete_found.zkasm"
  },
  {
   "freeInTag": {
    "op": ""
   },
   "inFREE": "1",
   "setOLD_ROOT": 1,
   "iHash": "1",
   "iHashType": 1,
   "line": 28,
   "fileName": "storage_sm_set_delete_found.zkasm"
  },
  {
   "freeInTag": {
    "op": "functionCall",
    "funcName": "GetSiblingValueLow",
    "params": []
   },
   "inFREE": "1",
   "setHASH_LEFT": 1,
   "line": 31,
   "fileName": "storage_sm_set_delete_found.zkasm"
  },
  {
   "freeInTag": {
    "op": "functionCall",
    "funcName": "GetSiblingValueHigh",
    "params": []
   },
   "inFREE": "1",
   "setHASH_RIGHT": 1,
   "line": 32,
   "fileName": "storage_sm_set_delete_found.zkasm"
  },
  {
   "freeInTag": {
    "op": ""
   },
   "inFREE": "1",
   "setSIBLING_VALUE_HASH": 1,
   "setHASH_RIGHT": 1,
   "iHash": "1",
   "iHashType": 0,
   "line": 33,
   "fileName": "storage_sm_set_delete_found.zkasm"
  },
  {
   "freeInTag": {
    "op": "functionCall",
    "funcName": "GetSiblingRkey",
    "params": []
   },
   "inFREE": "1",
   "setSIBLING_RKEY": 1,
   "line": 36,
   "fileName": "storage_sm_set_delete_found.zkasm"
  },
  {
   "inSIBLING_RKEY": "1",
   "setHASH_LEFT": 1,
   "line": 37,
   "fileName": "storage_sm_set_delete_found.zkasm"
  },
  {
   "freeInTag": {
    "op": ""
   },
   "inFREE": "1",
   "setNEW_ROOT": 1,
   "iHash": "1",
   "iHashType": 1,
   "line": 38,
   "fileName": "storage_sm_set_delete_found.zkasm"
  },
  {
   "CONST": "0",
   "setVALUE_LOW": 1,
   "setVALUE_HIGH": 1,
   "line": 41,
   "fileName": "storage_sm_set_delete_found.zkasm"
  },
  {
   "CONST": "1",
   "setLEVEL": 1,
   "line": 47,
   "fileName": "storage_sm_set_delete_found.zkasm"
  },
  {
   "freeInTag": {
    "op": "functionCall",
    "funcName": "GetLevelBit",
    "params": [
     {
      "op": "number",
      "num": 0
     }
    ]
   },
   "inFREE": "1",
   "iJmpz": "1",
   "addressLabel": "SDF_LevelBit1",
   "line": 50,
   "address": 260,
   "fileName": "storage_sm_set_delete_found.zkasm"
  },
  {
   "iRotateLevel": "1",
   "line": 51,
   "fileName": "storage_sm_set_delete_found.zkasm"
  },
  {
   "iRotateLevel": "1",
   "line": 52,
   "fileName": "storage_sm_set_delete_found.zkasm"
  },
  {
   "iRotateLevel": "1",
   "line": 53,
   "fileName": "storage_sm_set_delete_found.zkasm"
  },
  {
   "freeInTag": {
    "op": "functionCall",
    "funcName": "GetLevelBit",
    "params": [
     {
      "op": "number",
      "num": 1
     }
    ]
   },
   "inFREE": "1",
   "iJmpz": "1",
   "addressLabel": "SDF_FirstIntermediateNode",
   "line": 58,
   "address": 263,
   "fileName": "storage_sm_set_delete_found.zkasm"
  },
  {
   "iRotateLevel": "1",
   "line": 59,
   "fileName": "storage_sm_set_delete_found.zkasm"
  },
  {
   "iRotateLevel": "1",
   "line": 60,
   "fileName": "storage_sm_set_delete_found.zkasm"
  },
  {
   "freeInTag": {
    "op": "functionCall",
    "funcName": "GetNextKeyBit",
    "params": []
   },
   "inFREE": "1",
   "setRKEY_BIT": 1,
   "iJmpz": "1",
   "addressLabel": "SDF_SiblingIsRight1",
   "line": 67,
   "address": 271,
   "fileName": "storage_sm_set_delete_found.zkasm"
  },
  {
   "inNEW_ROOT": "1",
   "setHASH_LEFT": 1,
   "line": 72,
   "fileName": "storage_sm_set_delete_found.zkasm"
  },
  {
   "inOLD_ROOT": "1",
   "setHASH_RIGHT": 1,
   "line": 73,
   "fileName": "storage_sm_set_delete_found.zkasm"
  },
  {
   "freeInTag": {
    "op": ""
   },
   "inFREE": "1",
   "setOLD_ROOT": 1,
   "iHash": "1",
   "iHashType": 0,
   "line": 74,
   "fileName": "storage_sm_set_delete_found.zkasm"
  },
  {
   "iRotateLevel": "1",
   "line": 76,
   "fileName": "storage_sm_set_delete_found.zkasm"
  },
  {
   "iClimbRkey": "1",
   "line": 77,
   "fileName": "storage_sm_set_delete_found.zkasm"
  },
  {
   "iClimbSiblingRkeyN": "1",
   "line": 78,
   "fileName": "storage_sm_set_delete_found.zkasm"
  },
  {
   "iJmp": "1",
   "addressLabel": "SDF_ClimbBranch",
   "line": 80,
   "address": 277,
   "fileName": "storage_sm_set_delete_found.zkasm"
  },
  {
   "inOLD_ROOT": "1",
   "setHASH_LEFT": 1,
   "line": 85,
   "fileName": "storage_sm_set_delete_found.zkasm"
  },
  {
   "inNEW_ROOT": "1",
   "setHASH_RIGHT": 1,
   "line": 86,
   "fileName": "storage_sm_set_delete_found.zkasm"
  },
  {
   "freeInTag": {
    "op": ""
   },
   "inFREE": "1",
   "setOLD_ROOT": 1,
   "iHash": "1",
   "iHashType": 0,
   "line": 87,
   "fileName": "storage_sm_set_delete_found.zkasm"
  },
  {
   "iRotateLevel": "1",
   "line": 90,
   "fileName": "storage_sm_set_delete_found.zkasm"
  },
  {
   "iClimbRkey": "1",
   "line": 91,
   "fileName": "storage_sm_set_delete_found.zkasm"
  },
  {
   "iClimbSiblingRkeyN": "1",
   "line": 92,
   "fileName": "storage_sm_set_delete_found.zkasm"
  },
  {
   "freeInTag": {
    "op": "functionCall",
    "funcName": "GetTopOfBranch",
    "params": []
   },
   "inFREE": "1",
   "iJmpz": "1",
   "addressLabel": "SDF_StartNewRoot",
   "line": 97,
   "address": 293,
   "fileName": "storage_sm_set_delete_found.zkasm"
  },
  {
   "freeInTag": {
    "op": "functionCall",
    "funcName": "GetNextKeyBit",
    "params": []
   },
   "inFREE": "1",
   "setRKEY_BIT": 1,
   "iJmpz": "1",
   "addressLabel": "SDF_SiblingIsRight2",
   "line": 100,
   "address": 286,
   "fileName": "storage_sm_set_delete_found.zkasm"
  },
  {
   "CONST": "0",
   "setHASH_LEFT": 1,
   "line": 105,
   "fileName": "storage_sm_set_delete_found.zkasm"
  },
  {
   "inOLD_ROOT": "1",
   "setHASH_RIGHT": 1,
   "line": 106,
   "fileName": "storage_sm_set_delete_found.zkasm"
  },
  {
   "freeInTag": {
    "op": ""
   },
   "inFREE": "1",
   "setOLD_ROOT": 1,
   "iHash": "1",
   "iHashType": 0,
   "line": 107,
   "fileName": "storage_sm_set_delete_found.zkasm"
  },
  {
   "iRotateLevel": "1",
   "line": 110,
   "fileName": "storage_sm_set_delete_found.zkasm"
  },
  {
   "iClimbRkey": "1",
   "line": 111,
   "fileName": "storage_sm_set_delete_found.zkasm"
  },
  {
   "iClimbSiblingRkey": "1",
   "line": 112,
   "fileName": "storage_sm_set_delete_found.zkasm"
  },
  {
   "iJmp": "1",
   "addressLabel": "SDF_ClimbBranch",
   "line": 114,
   "address": 277,
   "fileName": "storage_sm_set_delete_found.zkasm"
  },
  {
   "inOLD_ROOT": "1",
   "setHASH_LEFT": 1,
   "line": 119,
   "fileName": "storage_sm_set_delete_found.zkasm"
  },
  {
   "CONST": "0",
   "setHASH_RIGHT": 1,
   "line": 120,
   "fileName": "storage_sm_set_delete_found.zkasm"
  },
  {
   "freeInTag": {
    "op": ""
   },
   "inFREE": "1",
   "setOLD_ROOT": 1,
   "iHash": "1",
   "iHashType": 0,
   "line": 121,
   "fileName": "storage_sm_set_delete_found.zkasm"
  },
  {
   "iRotateLevel": "1",
   "line": 123,
   "fileName": "storage_sm_set_delete_found.zkasm"
  },
  {
   "iClimbRkey": "1",
   "line": 124,
   "fileName": "storage_sm_set_delete_found.zkasm"
  },
  {
   "iClimbSiblingRkey": "1",
   "line": 125,
   "fileName": "storage_sm_set_delete_found.zkasm"
  },
  {
   "iJmp": "1",
   "addressLabel": "SDF_ClimbBranch",
   "line": 127,
   "address": 277,
   "fileName": "storage_sm_set_delete_found.zkasm"
  },
  {
   "inSIBLING_RKEY": "1",
   "setHASH_LEFT": 1,
   "line": 131,
   "fileName": "storage_sm_set_delete_found.zkasm"
  },
  {
   "inSIBLING_VALUE_HASH": "1",
   "setHASH_RIGHT": 1,
   "line": 132,
   "fileName": "storage_sm_set_delete_found.zkasm"
  },
  {
   "freeInTag": {
    "op": ""
   },
   "inFREE": "1",
   "setNEW_ROOT": 1,
   "iHash": "1",
   "iHashType": 1,
   "line": 133,
   "fileName": "storage_sm_set_delete_found.zkasm"
  },
  {
   "freeInTag": {
    "op": "functionCall",
    "funcName": "GetTopTree",
    "params": []
   },
   "inFREE": "1",
   "iJmpz": "1",
   "addressLabel": "SDF_Latch",
   "line": 138,
   "address": 316,
   "fileName": "storage_sm_set_delete_found.zkasm"
  },
  {
   "freeInTag": {
    "op": "functionCall",
    "funcName": "GetNextKeyBit",
    "params": []
   },
   "inFREE": "1",
   "setRKEY_BIT": 1,
   "iJmpz": "1",
   "addressLabel": "SDF_SiblingIsRight3",
   "line": 141,
   "address": 307,
   "fileName": "storage_sm_set_delete_found.zkasm"
  },
  {
   "inNEW_ROOT": "1",
   "setHASH_RIGHT": 1,
   "line": 146,
   "fileName": "storage_sm_set_delete_found.zkasm"
  },
  {
   "freeInTag": {
    "op": "functionCall",
    "funcName": "GetSiblingHash",
    "params": []
   },
   "inFREE": "1",
   "setHASH_LEFT": 1,
   "line": 147,
   "fileName": "storage_sm_set_delete_found.zkasm"
  },
  {
   "freeInTag": {
    "op": ""
   },
   "inFREE": "1",
   "setNEW_ROOT": 1,
   "iHash": "1",
   "iHashType": 0,
   "line": 148,
   "fileName": "storage_sm_set_delete_found.zkasm"
  },
  {
   "inOLD_ROOT": "1",
   "setHASH_RIGHT": 1,
   "line": 151,
   "fileName": "storage_sm_set_delete_found.zkasm"
  },
  {
   "freeInTag": {
    "op": ""
   },
   "inFREE": "1",
   "setOLD_ROOT": 1,
   "iHash": "1",
   "iHashType": 0,
   "line": 152,
   "fileName": "storage_sm_set_delete_found.zkasm"
  },
  {
   "iRotateLevel": "1",
   "line": 155,
   "fileName": "storage_sm_set_delete_found.zkasm"
  },
  {
   "iClimbRkey": "1",
   "line": 156,
   "fileName": "storage_sm_set_delete_found.zkasm"
  },
  {
   "iClimbSiblingRkey": "1",
   "line": 157,
   "fileName": "storage_sm_set_delete_found.zkasm"
  },
  {
   "iJmp": "1",
   "addressLabel": "SDF_ClimbTree",
   "line": 159,
   "address": 296,
   "fileName": "storage_sm_set_delete_found.zkasm"
  },
  {
   "inNEW_ROOT": "1",
   "setHASH_LEFT": 1,
   "line": 164,
   "fileName": "storage_sm_set_delete_found.zkasm"
  },
  {
   "freeInTag": {
    "op": "functionCall",
    "funcName": "GetSiblingHash",
    "params": []
   },
   "inFREE": "1",
   "setHASH_RIGHT": 1,
   "line": 165,
   "fileName": "storage_sm_set_delete_found.zkasm"
  },
  {
   "freeInTag": {
    "op": ""
   },
   "inFREE": "1",
   "setNEW_ROOT": 1,
   "iHash": "1",
   "iHashType": 0,
   "line": 166,
   "fileName": "storage_sm_set_delete_found.zkasm"
  },
  {
   "inOLD_ROOT": "1",
   "setHASH_LEFT": 1,
   "line": 169,
   "fileName": "storage_sm_set_delete_found.zkasm"
  },
  {
   "freeInTag": {
    "op": ""
   },
   "inFREE": "1",
   "setOLD_ROOT": 1,
   "iHash": "1",
   "iHashType": 0,
   "line": 170,
   "fileName": "storage_sm_set_delete_found.zkasm"
  },
  {
   "iRotateLevel": "1",
   "line": 173,
   "fileName": "storage_sm_set_delete_found.zkasm"
  },
  {
   "iClimbRkey": "1",
   "line": 174,
   "fileName": "storage_sm_set_delete_found.zkasm"
  },
  {
   "iClimbSiblingRkey": "1",
   "line": 175,
   "fileName": "storage_sm_set_delete_found.zkasm"
  },
  {
   "iJmp": "1",
   "addressLabel": "SDF_ClimbTree",
   "line": 177,
   "address": 296,
   "fileName": "storage_sm_set_delete_found.zkasm"
  },
  {
   "iLatchSet": "1",
   "line": 182,
   "fileName": "storage_sm_set_delete_found.zkasm"
  },
  {
   "iJmp": "1",
   "addressLabel": "Run",
   "line": 185,
   "address": 0,
   "fileName": "storage_sm_set_delete_found.zkasm"
  },
  {
   "freeInTag": {
    "op": "functionCall",
    "funcName": "GetOldValueLow",
    "params": []
   },
   "inFREE": "1",
   "setHASH_LEFT": 1,
   "line": 17,
   "fileName": "storage_sm_set_delete_not_found.zkasm"
  },
  {
   "freeInTag": {
    "op": "functionCall",
    "funcName": "GetOldValueHigh",
    "params": []
   },
   "inFREE": "1",
   "setHASH_RIGHT": 1,
   "line": 18,
   "fileName": "storage_sm_set_delete_not_found.zkasm"
  },
  {
   "freeInTag": {
    "op": ""
   },
   "inFREE": "1",
   "setHASH_RIGHT": 1,
   "iHash": "1",
   "iHashType": 0,
   "line": 19,
   "fileName": "storage_sm_set_delete_not_found.zkasm"
  },
  {
   "freeInTag": {
    "op": "functionCall",
    "funcName": "GetRkey",
    "params": []
   },
   "inFREE": "1",
   "setRKEY": 1,
   "setHASH_LEFT": 1,
   "line": 22,
   "fileName": "storage_sm_set_delete_not_found.zkasm"
  },
  {
   "freeInTag": {
    "op": ""
   },
   "inFREE": "1",
   "setOLD_ROOT": 1,
   "iHash": "1",
   "iHashType": 1,
   "line": 23,
   "fileName": "storage_sm_set_delete_not_found.zkasm"
  },
  {
   "CONST": "1",
   "setLEVEL": 1,
   "line": 29,
   "fileName": "storage_sm_set_delete_not_found.zkasm"
  },
  {
   "freeInTag": {
    "op": "functionCall",
    "funcName": "GetLevelBit",
    "params": [
     {
      "op": "number",
      "num": 0
     }
    ]
   },
   "inFREE": "1",
   "iJmpz": "1",
   "addressLabel": "SDNF_LevelBit1",
   "line": 32,
   "address": 328,
   "fileName": "storage_sm_set_delete_not_found.zkasm"
  },
  {
   "iRotateLevel": "1",
   "line": 33,
   "fileName": "storage_sm_set_delete_not_found.zkasm"
  },
  {
   "iRotateLevel": "1",
   "line": 34,
   "fileName": "storage_sm_set_delete_not_found.zkasm"
  },
  {
   "iRotateLevel": "1",
   "line": 35,
   "fileName": "storage_sm_set_delete_not_found.zkasm"
  },
  {
   "freeInTag": {
    "op": "functionCall",
    "funcName": "GetLevelBit",
    "params": [
     {
      "op": "number",
      "num": 1
     }
    ]
   },
   "inFREE": "1",
   "iJmpz": "1",
   "addressLabel": "SDNF_StartNewRoot",
   "line": 40,
   "address": 331,
   "fileName": "storage_sm_set_delete_not_found.zkasm"
  },
  {
   "iRotateLevel": "1",
   "line": 41,
   "fileName": "storage_sm_set_delete_not_found.zkasm"
  },
  {
   "iRotateLevel": "1",
   "line": 42,
   "fileName": "storage_sm_set_delete_not_found.zkasm"
  },
  {
   "CONST": "0",
   "setNEW_ROOT": 1,
   "setVALUE_LOW": 1,
   "setVALUE_HIGH": 1,
   "line": 48,
   "fileName": "storage_sm_set_delete_not_found.zkasm"
  },
  {
   "freeInTag": {
    "op": "functionCall",
    "funcName": "GetTopTree",
    "params": []
   },
   "inFREE": "1",
   "iJmpz": "1",
   "addressLabel": "SDNF_Latch",
   "line": 53,
   "address": 350,
   "fileName": "storage_sm_set_delete_not_found.zkasm"
  },
  {
   "freeInTag": {
    "op": "functionCall",
    "funcName": "GetNextKeyBit",
    "params": []
   },
   "inFREE": "1",
   "setRKEY_BIT": 1,
   "iJmpz": "1",
   "addressLabel": "SDNF_SiblingIsRight3",
   "line": 55,
   "address": 342,
   "fileName": "storage_sm_set_delete_not_found.zkasm"
  },
  {
   "inNEW_ROOT": "1",
   "setHASH_RIGHT": 1,
   "line": 60,
   "fileName": "storage_sm_set_delete_not_found.zkasm"
  },
  {
   "freeInTag": {
    "op": "functionCall",
    "funcName": "GetSiblingHash",
    "params": []
   },
   "inFREE": "1",
   "setHASH_LEFT": 1,
   "line": 61,
   "fileName": "storage_sm_set_delete_not_found.zkasm"
  },
  {
   "freeInTag": {
    "op": ""
   },
   "inFREE": "1",
   "setNEW_ROOT": 1,
   "iHash": "1",
   "iHashType": 0,
   "line": 62,
   "fileName": "storage_sm_set_delete_not_found.zkasm"
  },
  {
   "inOLD_ROOT": "1",
   "setHASH_RIGHT": 1,
   "line": 65,
   "fileName": "storage_sm_set_delete_not_found.zkasm"
  },
  {
   "freeInTag": {
    "op": ""
   },
   "inFREE": "1",
   "setOLD_ROOT": 1,
   "iHash": "1",
   "iHashType": 0,
   "line": 66,
   "fileName": "storage_sm_set_delete_not_found.zkasm"
  },
  {
   "iRotateLevel": "1",
   "line": 69,
   "fileName": "storage_sm_set_delete_not_found.zkasm"
  },
  {
   "iClimbRkey": "1",
   "line": 70,
   "fileName": "storage_sm_set_delete_not_found.zkasm"
  },
  {
   "iJmp": "1",
   "addressLabel": "SDNF_ClimbTree",
   "line": 72,
   "address": 332,
   "fileName": "storage_sm_set_delete_not_found.zkasm"
  },
  {
   "inNEW_ROOT": "1",
   "setHASH_LEFT": 1,
   "line": 77,
   "fileName": "storage_sm_set_delete_not_found.zkasm"
  },
  {
   "freeInTag": {
    "op": "functionCall",
    "funcName": "GetSiblingHash",
    "params": []
   },
   "inFREE": "1",
   "setHASH_RIGHT": 1,
   "line": 78,
   "fileName": "storage_sm_set_delete_not_found.zkasm"
  },
  {
   "freeInTag": {
    "op": ""
   },
   "inFREE": "1",
   "setNEW_ROOT": 1,
   "iHash": "1",
   "iHashType": 0,
   "line": 79,
   "fileName": "storage_sm_set_delete_not_found.zkasm"
  },
  {
   "inOLD_ROOT": "1",
   "setHASH_LEFT": 1,
   "line": 82,
   "fileName": "storage_sm_set_delete_not_found.zkasm"
  },
  {
   "freeInTag": {
    "op": ""
   },
   "inFREE": "1",
   "setOLD_ROOT": 1,
   "iHash": "1",
   "iHashType": 0,
   "line": 83,
   "fileName": "storage_sm_set_delete_not_found.zkasm"
  },
  {
   "iRotateLevel": "1",
   "line": 86,
   "fileName": "storage_sm_set_delete_not_found.zkasm"
  },
  {
   "iClimbRkey": "1",
   "line": 87,
   "fileName": "storage_sm_set_delete_not_found.zkasm"
  },
  {
   "iJmp": "1",
   "addressLabel": "SDNF_ClimbTree",
   "line": 89,
   "address": 332,
   "fileName": "storage_sm_set_delete_not_found.zkasm"
  },
  {
   "iLatchSet": "1",
   "line": 94,
   "fileName": "storage_sm_set_delete_not_found.zkasm"
  },
  {
   "iJmp": "1",
   "addressLabel": "Run",
   "line": 97,
   "address": 0,
   "fileName": "storage_sm_set_delete_not_found.zkasm"
  },
  {
   "freeInTag": {
    "op": "functionCall",
    "funcName": "GetRkey",
    "params": []
   },
   "inFREE": "1",
   "setRKEY": 1,
   "line": 22,
   "fileName": "storage_sm_set_zero_to_zero.zkasm"
  },
  {
   "freeInTag": {
    "op": "functionCall",
    "funcName": "GetIsOld0",
    "params": []
   },
   "inFREE": "1",
   "iJmpz": "1",
   "addressLabel": "SZTZ_IsLeafNode",
   "line": 24,
   "address": 355,
   "fileName": "storage_sm_set_zero_to_zero.zkasm"
  },
  {
   "iJmp": "1",
   "addressLabel": "SZTZ_IsIntermediateNode",
   "line": 25,
   "address": 361,
   "fileName": "storage_sm_set_zero_to_zero.zkasm"
  },
  {
   "freeInTag": {
    "op": "functionCall",
    "funcName": "GetSiblingValueLow",
    "params": []
   },
   "inFREE": "1",
   "setHASH_LEFT": 1,
   "line": 29,
   "fileName": "storage_sm_set_zero_to_zero.zkasm"
  },
  {
   "freeInTag": {
    "op": "functionCall",
    "funcName": "GetSiblingValueHigh",
    "params": []
   },
   "inFREE": "1",
   "setHASH_RIGHT": 1,
   "line": 30,
   "fileName": "storage_sm_set_zero_to_zero.zkasm"
  },
  {
   "freeInTag": {
    "op": ""
   },
   "inFREE": "1",
   "setSIBLING_VALUE_HASH": 1,
   "setHASH_RIGHT": 1,
   "iHash": "1",
   "iHashType": 0,
   "line": 31,
   "fileName": "storage_sm_set_zero_to_zero.zkasm"
  },
  {
   "freeInTag": {
    "op": "functionCall",
    "funcName": "GetSiblingRkey",
    "params": []
   },
   "inFREE": "1",
   "setHASH_LEFT": 1,
   "line": 34,
   "fileName": "storage_sm_set_zero_to_zero.zkasm"
  },
  {
   "freeInTag": {
    "op": ""
   },
   "inFREE": "1",
   "setOLD_ROOT": 1,
   "iHash": "1",
   "iHashType": 1,
   "line": 35,
   "fileName": "storage_sm_set_zero_to_zero.zkasm"
  },
  {
   "inOLD_ROOT": "1",
   "setNEW_ROOT": 1,
   "iJmp": "1",
   "addressLabel": "SZTZ_InitLevel",
   "line": 38,
   "address": 361,
   "fileName": "storage_sm_set_zero_to_zero.zkasm"
  },
  {
   "CONST": "1",
   "setLEVEL": 1,
   "line": 50,
   "fileName": "storage_sm_set_zero_to_zero.zkasm"
  },
  {
   "freeInTag": {
    "op": "functionCall",
    "funcName": "GetLevelBit",
    "params": [
     {
      "op": "number",
      "num": 0
     }
    ]
   },
   "inFREE": "1",
   "iJmpz": "1",
   "addressLabel": "SZTZ_LevelBit1",
   "line": 51,
   "address": 366,
   "fileName": "storage_sm_set_zero_to_zero.zkasm"
  },
  {
   "iRotateLevel": "1",
   "line": 52,
   "fileName": "storage_sm_set_zero_to_zero.zkasm"
  },
  {
   "iRotateLevel": "1",
   "line": 53,
   "fileName": "storage_sm_set_zero_to_zero.zkasm"
  },
  {
   "iRotateLevel": "1",
   "line": 54,
   "fileName": "storage_sm_set_zero_to_zero.zkasm"
  },
  {
   "freeInTag": {
    "op": "functionCall",
    "funcName": "GetLevelBit",
    "params": [
     {
      "op": "number",
      "num": 1
     }
    ]
   },
   "inFREE": "1",
   "iJmpz": "1",
   "addressLabel": "SZTZ_ClimbTree",
   "line": 59,
   "address": 369,
   "fileName": "storage_sm_set_zero_to_zero.zkasm"
  },
  {
   "iRotateLevel": "1",
   "line": 60,
   "fileName": "storage_sm_set_zero_to_zero.zkasm"
  },
  {
   "iRotateLevel": "1",
   "line": 61,
   "fileName": "storage_sm_set_zero_to_zero.zkasm"
  },
  {
   "freeInTag": {
    "op": "functionCall",
    "funcName": "GetTopTree",
    "params": []
   },
   "inFREE": "1",
   "iJmpz": "1",
   "addressLabel": "SZTZ_Latch",
   "line": 66,
   "address": 387,
   "fileName": "storage_sm_set_zero_to_zero.zkasm"
  },
  {
   "freeInTag": {
    "op": "functionCall",
    "funcName": "GetNextKeyBit",
    "params": []
   },
   "inFREE": "1",
   "setRKEY_BIT": 1,
   "iJmpz": "1",
   "addressLabel": "SZTZ_SiblingIsRight",
   "line": 69,
   "address": 379,
   "fileName": "storage_sm_set_zero_to_zero.zkasm"
  },
  {
   "freeInTag": {
    "op": "functionCall",
    "funcName": "GetSiblingHash",
    "params": []
   },
   "inFREE": "1",
   "setHASH_LEFT": 1,
   "line": 74,
   "fileName": "storage_sm_set_zero_to_zero.zkasm"
  },
  {
   "inNEW_ROOT": "1",
   "setHASH_RIGHT": 1,
   "line": 75,
   "fileName": "storage_sm_set_zero_to_zero.zkasm"
  },
  {
   "freeInTag": {
    "op": ""
   },
   "inFREE": "1",
   "setNEW_ROOT": 1,
   "iHash": "1",
   "iHashType": 0,
   "line": 76,
   "fileName": "storage_sm_set_zero_to_zero.zkasm"
  },
  {
   "inOLD_ROOT": "1",
   "setHASH_RIGHT": 1,
   "line": 79,
   "fileName": "storage_sm_set_zero_to_zero.zkasm"
  },
  {
   "freeInTag": {
    "op": ""
   },
   "inFREE": "1",
   "setOLD_ROOT": 1,
   "iHash": "1",
   "iHashType": 0,
   "line": 80,
   "fileName": "storage_sm_set_zero_to_zero.zkasm"
  },
  {
   "iRotateLevel": "1",
   "line": 83,
   "fileName": "storage_sm_set_zero_to_zero.zkasm"
  },
  {
   "iClimbRkey": "1",
   "line": 84,
   "fileName": "storage_sm_set_zero_to_zero.zkasm"
  },
  {
   "iJmp": "1",
   "addressLabel": "SZTZ_ClimbTree",
   "line": 86,
   "address": 369,
   "fileName": "storage_sm_set_zero_to_zero.zkasm"
  },
  {
   "inNEW_ROOT": "1",
   "setHASH_LEFT": 1,
   "line": 91,
   "fileName": "storage_sm_set_zero_to_zero.zkasm"
  },
  {
   "freeInTag": {
    "op": "functionCall",
    "funcName": "GetSiblingHash",
    "params": []
   },
   "inFREE": "1",
   "setHASH_RIGHT": 1,
   "line": 92,
   "fileName": "storage_sm_set_zero_to_zero.zkasm"
  },
  {
   "freeInTag": {
    "op": ""
   },
   "inFREE": "1",
   "setNEW_ROOT": 1,
   "iHash": "1",
   "iHashType": 0,
   "line": 93,
   "fileName": "storage_sm_set_zero_to_zero.zkasm"
  },
  {
   "inOLD_ROOT": "1",
   "setHASH_LEFT": 1,
   "line": 96,
   "fileName": "storage_sm_set_zero_to_zero.zkasm"
  },
  {
   "freeInTag": {
    "op": ""
   },
   "inFREE": "1",
   "setOLD_ROOT": 1,
   "iHash": "1",
   "iHashType": 0,
   "line": 97,
   "fileName": "storage_sm_set_zero_to_zero.zkasm"
  },
  {
   "iRotateLevel": "1",
   "line": 100,
   "fileName": "storage_sm_set_zero_to_zero.zkasm"
  },
  {
   "iClimbRkey": "1",
   "line": 101,
   "fileName": "storage_sm_set_zero_to_zero.zkasm"
  },
  {
   "iJmp": "1",
   "addressLabel": "SZTZ_ClimbTree",
   "line": 103,
   "address": 369,
   "fileName": "storage_sm_set_zero_to_zero.zkasm"
  },
  {
   "iLatchSet": "1",
   "line": 108,
   "fileName": "storage_sm_set_zero_to_zero.zkasm"
  },
  {
   "iJmp": "1",
   "addressLabel": "Run",
   "line": 111,
   "address": 0,
   "fileName": "storage_sm_set_zero_to_zero.zkasm"
  },
  {
   "CONST": "0",
   "setHASH_LEFT": 1,
   "setHASH_RIGHT": 1,
   "setOLD_ROOT": 1,
   "setNEW_ROOT": 1,
   "setVALUE_LOW": 1,
   "setVALUE_HIGH": 1,
   "setSIBLING_VALUE_HASH": 1,
   "setRKEY": 1,
   "setSIBLING_RKEY": 1,
   "setRKEY_BIT": 1,
   "setLEVEL": 1,
   "line": 41,
   "fileName": "storage_sm.zkasm"
  },
  {
   "freeInTag": {
    "op": "functionCall",
    "funcName": "isAlmostEndPolynomial",
    "params": []
   },
   "inFREE": "1",
   "iJmpz": "1",
   "addressLabel": "NotEndPol",
   "line": 45,
   "address": 390,
   "fileName": "storage_sm.zkasm"
  },
  {
   "iJmp": "1",
   "addressLabel": "Run",
   "line": 48,
   "address": 0,
   "fileName": "storage_sm.zkasm"
  }
 ],
 "labels": {
  "Run": 0,
  "Run_IsSetUpdate": 3,
  "Run_IsSetInsertFound": 5,
  "Run_IsSetInsertNotFound": 7,
  "Run_IsSetDeleteLast": 9,
  "Run_IsSetDeleteFound": 11,
  "Run_IsSetDeleteNotFound": 13,
  "Run_IsSetZeroToZero": 15,
  "Get": 17,
  "Get_VL0IsZero": 20,
  "Get_VL01IsZero": 22,
  "Get_VL012IsZero": 24,
  "Get_VLIsZero": 26,
  "Get_VLVH0IsZero": 28,
  "Get_VLVH01IsZero": 32,
  "Get_VLVH012IsZero": 35,
  "Get_VLIsNotZero": 37,
  "Get_ValueIsNotZero": 38,
  "Get_ValueIsZero": 44,
  "Get_ValueIsZero_LeafNode": 46,
  "Get_ValueIsZero_IntermediateNode": 52,
  "Get_InitLevel": 53,
  "Get_LevelBit1": 58,
  "Get_ClimbTree": 61,
  "Get_SiblingIsLeft": 64,
  "Get_SiblingIsRight": 70,
  "Get_Latch": 76,
  "Set_Update": 78,
  "SU_InitLevel": 89,
  "SU_LevelBit1": 94,
  "SU_ClimbTree": 97,
  "SU_SiblingIsLeft": 99,
  "SU_SiblingIsRight": 107,
  "SU_Latch": 115,
  "Set_InsertFound": 117,
  "SIF_InitLevel": 128,
  "SIF_LevelBit1": 133,
  "SIF_FirstIntermediateNode": 136,
  "SIF_SiblingIsLeft1": 137,
  "SIF_SiblingIsRight1": 144,
  "SIF_ClimbBranch": 150,
  "SIF_SiblingIsLeft2": 152,
  "SIF_SiblingIsRight2": 159,
  "SIF_StartOldRoot": 166,
  "SIF_ClimbTree": 169,
  "SIF_SiblingIsLeft3": 171,
  "SIF_SiblingIsRight3": 180,
  "SIF_Latch": 189,
  "Set_InsertNotFound": 191,
  "SINF_InitLevel": 196,
  "SINF_LevelBit1": 201,
  "SINF_StartOldRoot": 204,
  "SINF_ClimbTree": 205,
  "SINF_SiblingIsLeft3": 207,
  "SINF_SiblingIsRight3": 215,
  "SINF_Latch": 223,
  "Set_DeleteLast": 225,
  "SDL_InitLevel": 232,
  "SDL_LevelBit1": 237,
  "SDL_LatchSet": 240,
  "Set_DeleteFound": 242,
  "SDF_InitLevel": 255,
  "SDF_LevelBit1": 260,
  "SDF_FirstIntermediateNode": 263,
  "SDF_SiblingIsLeft1": 264,
  "SDF_SiblingIsRight1": 271,
  "SDF_ClimbBranch": 277,
  "SDF_SiblingIsLeft2": 279,
  "SDF_SiblingIsRight2": 286,
  "SDF_StartNewRoot": 293,
  "SDF_ClimbTree": 296,
  "SDF_SiblingIsLeft3": 298,
  "SDF_SiblingIsRight3": 307,
  "SDF_Latch": 316,
  "Set_DeleteNotFound": 318,
  "SDNF_InitLevel": 323,
  "SDNF_LevelBit1": 328,
  "SDNF_StartNewRoot": 331,
  "SDNF_ClimbTree": 332,
  "SDNF_SiblingIsLeft3": 334,
  "SDNF_SiblingIsRight3": 342,
  "SDNF_Latch": 350,
  "Set_ZeroToZero": 352,
  "SZTZ_IsLeafNode": 355,
  "SZTZ_IsIntermediateNode": 361,
  "SZTZ_InitLevel": 361,
  "SZTZ_LevelBit1": 366,
  "SZTZ_ClimbTree": 369,
  "SZTZ_SiblingIsLeft": 371,
  "SZTZ_SiblingIsRight": 379,
  "SZTZ_Latch": 387,
  "SetAllToZero": 389,
  "NotEndPol": 390
 }
}
